Name,Phone,City,Message,WhatsApp Link,Status,Indicatif,Website,Address,instagram,twitter,facebook,messenger,Google Maps Link
Riad El Hara,4850668219963.0,,"Bonjour 👋 {name}

Je suis tombé sur votre agence en ligne.

Petite question — est-ce que vous recevez suffisamment de clients via Google ou WhatsApp actuellement ?

J’ai remarqué que votre présence en ligne (site web) n’est pas optimisée, et cela peut vous faire perdre des clients chaque jour.

J’aide des agences comme la vôtre à obtenir plus de réservations grâce à un système simple (site web + WhatsApp + visibilité Google).

Je peux vous montrer exactement ce qui vous manque — gratuitement.

Ça vous intéresse ?",,No Website,,,"
Av. Al Mallakh, Marrakech 40000",,,,,"https://www.google.com/maps/place/Riad+El+Hara/@31.3181369,-8.6623557,7z/data=!4m12!1m2!2m1!1sriads+marzouga!3m8!1s0xdafef816edb6913:0x702327b38f976e74!5m2!4m1!1i2!8m2!3d31.6324375!4d-8.0008628!16s%2Fg%2F11s8hhtg05?entry=ttu&g_ep=EgoyMDI2MDQxMy4wIKXMDSoASAFQAw%3D%3D"
Riad Merzouga,668219963.0,,"Bonjour 👋 {name}

Je suis tombé sur votre agence en ligne.

Petite question — est-ce que vous recevez suffisamment de clients via Google ou WhatsApp actuellement ?

J’ai remarqué que votre présence en ligne (site web) n’est pas optimisée, et cela peut vous faire perdre des clients chaque jour.

J’aide des agences comme la vôtre à obtenir plus de réservations grâce à un système simple (site web + WhatsApp + visibilité Google).

Je peux vous montrer exactement ce qui vous manque — gratuitement.

Ça vous intéresse ?",https://wa.me/212668219963,Has Website,,https://riadmerzouga.com/,"
Riad Merzouga N 61 Derbe Harbil, Marrakesh",,,,,"https://www.google.com/maps/place/Riad+Merzouga/@31.632438,-12.6151208,7z/data=!4m13!1m2!2m1!1sriads+marzouga!3m9!1s0xdafef81f7f3352f:0x749b3f2e2e49551a!5m2!4m1!1i2!8m2!3d31.6157768!4d-7.9877682!15sCg1yaWFkIG1lcnpvdWdhWg8iDXJpYWQgbWVyem91Z2GSAQtndWVzdF9ob3VzZZoBJENoZERTVWhOTUc5blMwVkpRMEZuU1VRMU0weFhSbXRSUlJBQuABAPoBBAgAEDw!16s%2Fg%2F11fhz20mzy?entry=ttu&g_ep=EgoyMDI2MDQxMy4wIKXMDSoASAFQAw%3D%3D"
Merzouga Expedition,603745808.0,,"Bonjour 👋 {name}

Je suis tombé sur votre agence en ligne.

Petite question — est-ce que vous recevez suffisamment de clients via Google ou WhatsApp actuellement ?

J’ai remarqué que votre présence en ligne (site web) n’est pas optimisée, et cela peut vous faire perdre des clients chaque jour.

J’aide des agences comme la vôtre à obtenir plus de réservations grâce à un système simple (site web + WhatsApp + visibilité Google).

Je peux vous montrer exactement ce qui vous manque — gratuitement.

Ça vous intéresse ?",https://wa.me/212603745808,Has Website,,https://merzouga-expedition.com/,"
Lots ksour N31, etage, Marrakech 40000",,,,,"https://www.google.com/maps/place/Merzouga+Expedition/@31.632438,-12.6151208,7z/data=!4m10!1m2!2m1!1sriads+marzouga!3m6!1s0xdafef120e4075cd:0xaf809f137fcf1d68!8m2!3d31.6272279!4d-7.9933222!15sCg1yaWFkIG1lcnpvdWdhkgENdG91cl9vcGVyYXRvcuABAA!16s%2Fg%2F11mbxysb7d?entry=ttu&g_ep=EgoyMDI2MDQxMy4wIKXMDSoASAFQAw%3D%3D"
Riad Les jardins de Merzouga,667700533.0,,"Bonjour 👋 {name}

Je suis tombé sur votre agence en ligne.

Petite question — est-ce que vous recevez suffisamment de clients via Google ou WhatsApp actuellement ?

J’ai remarqué que votre présence en ligne (site web) n’est pas optimisée, et cela peut vous faire perdre des clients chaque jour.

J’aide des agences comme la vôtre à obtenir plus de réservations grâce à un système simple (site web + WhatsApp + visibilité Google).

Je peux vous montrer exactement ce qui vous manque — gratuitement.

Ça vous intéresse ?",https://wa.me/212667700533,Has Website,,https://www.lesjardinsdemerzouga.com/,"
village Hassilabied, Merzouga 52202",,,,,"https://www.google.com/maps/place/Riad+Les+jardins+de+Merzouga/@31.632438,-12.6151208,7z/data=!4m13!1m2!2m1!1sriads+marzouga!3m9!1s0xd973ef500b8ea5b:0xab60f0515ca80813!5m2!4m1!1i2!8m2!3d31.1394835!4d-4.0228839!15sCg1yaWFkIG1lcnpvdWdhWg8iDXJpYWQgbWVyem91Z2GSAQVob3RlbJoBI0NoWkRTVWhOTUc5blMwVkpRMEZuU1VRek0zQnVTVXhCRUFF4AEA-gEECAAQOw!16s%2Fg%2F11dfgnjctf?entry=ttu&g_ep=EgoyMDI2MDQxMy4wIKXMDSoASAFQAw%3D%3D"
Merzouga Tours,662275448.0,,"Bonjour 👋 {name}

Je suis tombé sur votre agence en ligne.

Petite question — est-ce que vous recevez suffisamment de clients via Google ou WhatsApp actuellement ?

J’ai remarqué que votre présence en ligne (site web) n’est pas optimisée, et cela peut vous faire perdre des clients chaque jour.

J’aide des agences comme la vôtre à obtenir plus de réservations grâce à un système simple (site web + WhatsApp + visibilité Google).

Je peux vous montrer exactement ce qui vous manque — gratuitement.

Ça vous intéresse ?",https://wa.me/212662275448,Has Website,,http://www.merzougatours.com/,"
9, 40000, AMANE 7 MHAMID, Marrakesh 40000",,,,,"https://www.google.com/maps/place/Merzouga+Tours/@31.5976307,-12.644348,7z/data=!4m10!1m2!2m1!1sriads+marzouga!3m6!1s0xdafef900e4b8225:0x46ba01503ffd34a1!8m2!3d31.5976307!4d-8.0300902!15sCg1yaWFkIG1lcnpvdWdhWg8iDXJpYWQgbWVyem91Z2GSAQ10cmF2ZWxfYWdlbmN5mgEjQ2haRFNVaE5NRzluUzBWSlEwRm5TVVJsYlU5MVUwcDNFQUXgAQD6AQQIJBAj!16s%2Fg%2F11h7js2d1n?entry=ttu&g_ep=EgoyMDI2MDQxMy4wIKXMDSoASAFQAw%3D%3D"
Merzouga Adventures,662275448.0,,"Bonjour 👋 {name}

Je suis tombé sur votre agence en ligne.

Petite question — est-ce que vous recevez suffisamment de clients via Google ou WhatsApp actuellement ?

J’ai remarqué que votre présence en ligne (site web) n’est pas optimisée, et cela peut vous faire perdre des clients chaque jour.

J’aide des agences comme la vôtre à obtenir plus de réservations grâce à un système simple (site web + WhatsApp + visibilité Google).

Je peux vous montrer exactement ce qui vous manque — gratuitement.

Ça vous intéresse ?",https://wa.me/212662275448,Has Website,,http://www.merzougatours.com/,"
9, 40000, AMANE 7 MHAMID, Marrakesh 40000",,,,,"https://www.google.com/maps/place/Merzouga+Adventures/@31.5976307,-12.644348,7z/data=!4m10!1m2!2m1!1sriads+marzouga!3m6!1s0xdafef691a58d15d:0x14e995145a408eac!8m2!3d31.6337798!4d-7.9852649!15sCg1yaWFkIG1lcnpvdWdhkgENdHJhdmVsX2FnZW5jeeABAA!16s%2Fg%2F11swpbn5cs?entry=ttu&g_ep=EgoyMDI2MDQxMy4wIKXMDSoASAFQAw%3D%3D"
Riad Merzouga Dunes,676595202.0,,"Bonjour 👋 {name}

Je suis tombé sur votre agence en ligne.

Petite question — est-ce que vous recevez suffisamment de clients via Google ou WhatsApp actuellement ?

J’ai remarqué que votre présence en ligne (site web) n’est pas optimisée, et cela peut vous faire perdre des clients chaque jour.

J’aide des agences comme la vôtre à obtenir plus de réservations grâce à un système simple (site web + WhatsApp + visibilité Google).

Je peux vous montrer exactement ce qui vous manque — gratuitement.

Ça vous intéresse ?",https://wa.me/212676595202,Has Website,,http://www.riadmerzougadunes.com/,"
Ksar Tabomiate, Merzouga 52202",,,,,"https://www.google.com/maps/place/Riad+Merzouga+Dunes/@31.5976307,-12.644348,7z/data=!4m10!1m2!2m1!1sriads+marzouga!3m6!1s0xd973d6a8be8faa9:0x7d0292dd34c12776!8m2!3d31.056576!4d-4.0192027!15sCg1yaWFkIG1lcnpvdWdhWg8iDXJpYWQgbWVyem91Z2GSAQVob3RlbJoBI0NoWkRTVWhOTUc5blMwVkpRMEZuU1VRemNIUlllRWRSRUFF4AEA-gEECAAQRA!16s%2Fg%2F11h7fz53yv?entry=ttu&g_ep=EgoyMDI2MDQxMy4wIKXMDSoASAFQAw%3D%3D"
Riad Madu,676595202.0,,"Bonjour 👋 {name}

Je suis tombé sur votre agence en ligne.

Petite question — est-ce que vous recevez suffisamment de clients via Google ou WhatsApp actuellement ?

J’ai remarqué que votre présence en ligne (site web) n’est pas optimisée, et cela peut vous faire perdre des clients chaque jour.

J’aide des agences comme la vôtre à obtenir plus de réservations grâce à un système simple (site web + WhatsApp + visibilité Google).

Je peux vous montrer exactement ce qui vous manque — gratuitement.

Ça vous intéresse ?",https://wa.me/212676595202,Has Website,,http://www.riadmerzougadunes.com/,"
Ksar Tabomiate, Merzouga 52202",,,,,"https://www.google.com/maps/place/Riad+Merzouga+Dunes/@31.056576,-8.6334605,7z/data=!4m13!1m2!2m1!1sriads+marzouga!3m9!1s0xd973d6a8be8faa9:0x7d0292dd34c12776!5m2!4m1!1i2!8m2!3d31.056576!4d-4.0192027!15sCg1yaWFkIG1lcnpvdWdhWg8iDXJpYWQgbWVyem91Z2GSAQVob3RlbJoBI0NoWkRTVWhOTUc5blMwVkpRMEZuU1VRemNIUlllRWRSRUFF4AEA-gEECAAQRA!16s%2Fg%2F11h7fz53yv?entry=ttu&g_ep=EgoyMDI2MDQxMy4wIKXMDSoASAFQAw%3D%3D"
Docali Lyon - Centre dentaire Lyon Frères Lumière,33428294400.0,,"Bonjour 👋 {name}

Je suis tombé sur votre agence en ligne.

Petite question — est-ce que vous recevez suffisamment de clients via Google ou WhatsApp actuellement ?

J’ai remarqué que votre présence en ligne (site web) n’est pas optimisée, et cela peut vous faire perdre des clients chaque jour.

J’aide des agences comme la vôtre à obtenir plus de réservations grâce à un système simple (site web + WhatsApp + visibilité Google).

Je peux vous montrer exactement ce qui vous manque — gratuitement.

Ça vous intéresse ?",,Has Website,,https://centre-dentaire-lyon-8-docali.fr/,"
188 Av. des Frères Lumière, 69008 Lyon, France",,,,,"https://www.google.com/maps/place/Docali+Lyon+-+Centre+dentaire+Lyon+Fr%C3%A8res+Lumi%C3%A8re/@45.7656653,4.8057787,13z/data=!4m10!1m2!2m1!1sdentiste+lyon!3m6!1s0x47f4c19e9330381f:0x2042cc421e3f2ce5!8m2!3d45.7431187!4d4.8748351!15sCg1kZW50aXN0ZSBseW9ukgEHZGVudGlzdOABAA!16s%2Fg%2F11j4wkjryv?entry=ttu&g_ep=EgoyMDI2MDQxMy4wIKXMDSoASAFQAw%3D%3D"
Centre Dentaire Lyon Lumière : Dentiste Lyon Lumière - Dentego,33451084709.0,,"Bonjour 👋 {name}

Je suis tombé sur votre agence en ligne.

Petite question — est-ce que vous recevez suffisamment de clients via Google ou WhatsApp actuellement ?

J’ai remarqué que votre présence en ligne (site web) n’est pas optimisée, et cela peut vous faire perdre des clients chaque jour.

J’aide des agences comme la vôtre à obtenir plus de réservations grâce à un système simple (site web + WhatsApp + visibilité Google).

Je peux vous montrer exactement ce qui vous manque — gratuitement.

Ça vous intéresse ?",,Has Website,,https://dentego.fr/nos-centres/auvergne-rhone-alpes/centre-dentaire-lyon/centre-dentaire-lyon-lumiere/,"
42 Av. des Frères Lumière, 69008 Lyon, France",,,,,"https://www.google.com/maps/place/Centre+Dentaire+Lyon+Lumi%C3%A8re+:+Dentiste+Lyon+Lumi%C3%A8re+-+Dentego/@45.7656653,4.8057787,13z/data=!4m10!1m2!2m1!1sdentiste+lyon!3m6!1s0x47f4eb87d160a36b:0x48b4ead4099ebae8!8m2!3d45.7458187!4d4.86338!15sCg1kZW50aXN0ZSBseW9ukgEHZGVudGlzdOABAA!16s%2Fg%2F11r91t7mg8?entry=ttu&g_ep=EgoyMDI2MDQxMy4wIKXMDSoASAFQAw%3D%3D"
Centre Dentaire Lyon République : Dentiste Lyon - Dentego,33482751052.0,,"Bonjour 👋 {name}

Je suis tombé sur votre agence en ligne.

Petite question — est-ce que vous recevez suffisamment de clients via Google ou WhatsApp actuellement ?

J’ai remarqué que votre présence en ligne (site web) n’est pas optimisée, et cela peut vous faire perdre des clients chaque jour.

J’aide des agences comme la vôtre à obtenir plus de réservations grâce à un système simple (site web + WhatsApp + visibilité Google).

Je peux vous montrer exactement ce qui vous manque — gratuitement.

Ça vous intéresse ?",,Has Website,,https://dentego.fr/nos-centres/auvergne-rhone-alpes/lyon-republique/,"
2 rue Jacques Stella, Pl. de la République, 69002 Lyon, France",,,,,"https://www.google.com/maps/place/Centre+Dentaire+Lyon+R%C3%A9publique+:+Dentiste+Lyon+-+Dentego/@45.7656653,4.8057787,13z/data=!4m10!1m2!2m1!1sdentiste+lyon!3m6!1s0x47f4eb688cdeec87:0x39d9658aaec6878e!8m2!3d45.7606671!4d4.836193!15sCg1kZW50aXN0ZSBseW9ukgEHZGVudGlzdOABAA!16s%2Fg%2F11g310gqcs?entry=ttu&g_ep=EgoyMDI2MDQxMy4wIKXMDSoASAFQAw%3D%3D"
Docali Lyon - Centre dentaire Lyon 7,33428298371.0,,"Bonjour 👋 {name}

Je suis tombé sur votre agence en ligne.

Petite question — est-ce que vous recevez suffisamment de clients via Google ou WhatsApp actuellement ?

J’ai remarqué que votre présence en ligne (site web) n’est pas optimisée, et cela peut vous faire perdre des clients chaque jour.

J’aide des agences comme la vôtre à obtenir plus de réservations grâce à un système simple (site web + WhatsApp + visibilité Google).

Je peux vous montrer exactement ce qui vous manque — gratuitement.

Ça vous intéresse ?",,Has Website,,https://centre-dentaire-lyon-7-docali.fr/content/rendez-vous-au-centre-dentaire-lyon-7%C3%A8me,"
23 Rue de Marseille, 69007 Lyon, France",,,,,"https://www.google.com/maps/place/Docali+Lyon+-+Centre+dentaire+Lyon+7/@45.7606671,4.7640952,13z/data=!4m10!1m2!2m1!1sdentiste+lyon!3m6!1s0x47f4ebf07f4456c5:0x100b88562960ebd1!8m2!3d45.7521615!4d4.8407377!15sCg1kZW50aXN0ZSBseW9ukgENZGVudGFsX2NsaW5pY-ABAA!16s%2Fg%2F11f631sf8d?entry=ttu&g_ep=EgoyMDI2MDQxMy4wIKXMDSoASAFQAw%3D%3D"
"Centre Médical et Dentaire - MÉDIDENT- LYON, MONCEY",33428381555.0,,"Bonjour 👋 {name}

Je suis tombé sur votre agence en ligne.

Petite question — est-ce que vous recevez suffisamment de clients via Google ou WhatsApp actuellement ?

J’ai remarqué que votre présence en ligne (site web) n’est pas optimisée, et cela peut vous faire perdre des clients chaque jour.

J’aide des agences comme la vôtre à obtenir plus de réservations grâce à un système simple (site web + WhatsApp + visibilité Google).

Je peux vous montrer exactement ce qui vous manque — gratuitement.

Ça vous intéresse ?",,Has Website,,https://centre-dentaire-lyon-moncey-medident.fr/,"
110 Rue Moncey, 69003 Lyon, France",,,,,"https://www.google.com/maps/place/Centre+M%C3%A9dical+et+Dentaire+-+M%C3%89DIDENT-+LYON,+MONCEY/@45.7606671,4.7640952,13z/data=!4m10!1m2!2m1!1sdentiste+lyon!3m6!1s0x47f4eba211dc2967:0x648195e460b88d64!8m2!3d45.7607706!4d4.8495668!15sCg1kZW50aXN0ZSBseW9ukgEHZGVudGlzdOABAA!16s%2Fg%2F11rk8418zk?entry=ttu&g_ep=EgoyMDI2MDQxMy4wIKXMDSoASAFQAw%3D%3D"
Cabinet Dentaire Masséna | Dentiste Lyon 6,33428381555.0,,"Bonjour 👋 {name}

Je suis tombé sur votre agence en ligne.

Petite question — est-ce que vous recevez suffisamment de clients via Google ou WhatsApp actuellement ?

J’ai remarqué que votre présence en ligne (site web) n’est pas optimisée, et cela peut vous faire perdre des clients chaque jour.

J’aide des agences comme la vôtre à obtenir plus de réservations grâce à un système simple (site web + WhatsApp + visibilité Google).

Je peux vous montrer exactement ce qui vous manque — gratuitement.

Ça vous intéresse ?",,Has Website,,https://centre-dentaire-lyon-moncey-medident.fr/,"
110 Rue Moncey, 69003 Lyon, France",,,,,"https://www.google.com/maps/place/Centre+M%C3%A9dical+et+Dentaire+-+M%C3%89DIDENT-+LYON,+MONCEY/@45.7606671,4.7640952,13z/data=!3m1!5s0x47f4ea5e336dea43:0xa6f97e48f5e4f701!4m10!1m2!2m1!1sdentiste+lyon!3m6!1s0x47f4eba211dc2967:0x648195e460b88d64!8m2!3d45.7607706!4d4.8495668!15sCg1kZW50aXN0ZSBseW9ukgEHZGVudGlzdOABAA!16s%2Fg%2F11rk8418zk?entry=ttu&g_ep=EgoyMDI2MDQxMy4wIKXMDSoASAFQAw%3D%3D"
Riad Les Nuits de Marrakech,645860829.0,,"Bonjour 👋 {name}

Je suis tombé sur votre agence en ligne.

Petite question — est-ce que vous recevez suffisamment de clients via Google ou WhatsApp actuellement ?

J’ai remarqué que votre présence en ligne (site web) n’est pas optimisée, et cela peut vous faire perdre des clients chaque jour.

J’aide des agences comme la vôtre à obtenir plus de réservations grâce à un système simple (site web + WhatsApp + visibilité Google).

Je peux vous montrer exactement ce qui vous manque — gratuitement.

Ça vous intéresse ?",https://wa.me/33645860829,Has Website,33.0,http://www.lesnuitsdemarrakech.com/,"
134, Derb Gach Gach, Marrakech 44000",,,,,"https://www.google.com/maps/place/Riad+Les+Nuits+de+Marrakech/@31.6324375,-8.0369117,14z/data=!4m13!1m2!2m1!1sriads+marrakechhttps:!3m9!1s0xdafee41bd6c4ae3:0x223b4b250e25aaf8!5m2!4m1!1i2!8m2!3d31.6264566!4d-7.9849044!15sChVyaWFkcyBtYXJyYWtlY2hodHRwczpaFiIUcmlhZHMgbWFycmFrZWNoaHR0cHOSAQVob3RlbJoBRENpOURRVWxSUVVOdlpFTm9kSGxqUmpsdlQyczFNRlZYT1hWWU1tUllUVEpLVkZKdFVrVldXRTVzV1hwb2ExcElZeEFC4AEA-gEECFMQPg!16s%2Fg%2F12hntvsnh?entry=ttu&g_ep=EgoyMDI2MDQxMy4wIKXMDSoASAFQAw%3D%3D"
Riad Anya & SPA,666272882.0,,"Bonjour 👋 {name}

Je suis tombé sur votre agence en ligne.

Petite question — est-ce que vous recevez suffisamment de clients via Google ou WhatsApp actuellement ?

J’ai remarqué que votre présence en ligne (site web) n’est pas optimisée, et cela peut vous faire perdre des clients chaque jour.

J’aide des agences comme la vôtre à obtenir plus de réservations grâce à un système simple (site web + WhatsApp + visibilité Google).

Je peux vous montrer exactement ce qui vous manque — gratuitement.

Ça vous intéresse ?",https://wa.me/33666272882,Has Website,33.0,https://riadanya.com/,"
149 Derb Sidi M'Barek, Marrakech 40000",,,,,"https://www.google.com/maps/place/Riad+Anya+%26+SPA/@31.6355936,-8.0180885,14z/data=!4m13!1m2!2m1!1sriads+marrakechhttps:!3m9!1s0xdafee5a50a9fdd5:0xfe7e3d5b014fc65e!5m2!4m1!1i2!8m2!3d31.6192482!4d-7.9950584!15sChVyaWFkcyBtYXJyYWtlY2hodHRwczpaFiIUcmlhZHMgbWFycmFrZWNoaHR0cHOSAQVob3RlbJoBRENpOURRVWxSUVVOdlpFTm9kSGxqUmpsdlQyMHhXRkZYYURCTVZWWkhaVU14TmxwdVpFeFhhMDQwVld3NVRHVllZeEFC4AEA-gEECAAQRA!16s%2Fg%2F11_k2hfzh?entry=ttu&g_ep=EgoyMDI2MDQxMy4wIKXMDSoASAFQAw%3D%3D"
Riad Anaïs Marrakech,666272882.0,,"Bonjour 👋 {name}

Je suis tombé sur votre agence en ligne.

Petite question — est-ce que vous recevez suffisamment de clients via Google ou WhatsApp actuellement ?

J’ai remarqué que votre présence en ligne (site web) n’est pas optimisée, et cela peut vous faire perdre des clients chaque jour.

J’aide des agences comme la vôtre à obtenir plus de réservations grâce à un système simple (site web + WhatsApp + visibilité Google).

Je peux vous montrer exactement ce qui vous manque — gratuitement.

Ça vous intéresse ?",https://wa.me/33666272882,Has Website,33.0,https://riadanya.com/,"
149 Derb Sidi M'Barek, Marrakech 40000",,,,,"https://www.google.com/maps/place/Riad+Ana%C3%AFs+Marrakech/@31.6355936,-8.0180885,14z/data=!4m13!1m2!2m1!1sriads+marrakechhttps:!3m9!1s0xdafefff6a9a6355:0xf1c1f46ab1b607d2!5m2!4m1!1i2!8m2!3d31.6330478!4d-7.9907815!15sChVyaWFkcyBtYXJyYWtlY2hodHRwczpaFiIUcmlhZHMgbWFycmFrZWNoaHR0cHOSARFiZWRfYW5kX2JyZWFrZmFzdJoBRENpOURRVWxSUVVOdlpFTm9kSGxqUmpsdlQyMTBVVlJGVW1aalZtd3laVlJPVEUwemFGVk9ha1p4WTBWMGFrMXRZeEFC4AEA-gEECAAQOQ!16s%2Fg%2F11vbl_z0q8?entry=ttu&g_ep=EgoyMDI2MDQxMy4wIKXMDSoASAFQAw%3D%3D"
Christophe CHENU,,,"Bonjour 👋 {name}

Je suis tombé sur votre agence en ligne.

Petite question — est-ce que vous recevez suffisamment de clients via Google ou WhatsApp actuellement ?

J’ai remarqué que votre présence en ligne (site web) n’est pas optimisée, et cela peut vous faire perdre des clients chaque jour.

J’aide des agences comme la vôtre à obtenir plus de réservations grâce à un système simple (site web + WhatsApp + visibilité Google).

Je peux vous montrer exactement ce qui vous manque — gratuitement.

Ça vous intéresse ?",,No Website,33.0,,,,,,,"https://www.google.com/maps/place/Christophe+CHENU/@48.8555694,2.2730073,12z/data=!4m9!1m2!2m1!1sdentiste+paris!3m5!1s0x47e6723a3ad63fa9:0x9613e20b700d168f!8m2!3d48.8270004!4d2.3806548!16s%2Fg%2F11gcjf3t_1?entry=ttu&g_ep=EgoyMDI2MDQxMy4wIKXMDSoASAFQAw%3D%3D"
Dr Francisco Pedro,,,"Bonjour 👋 {name}

Je suis tombé sur votre agence en ligne.

Petite question — est-ce que vous recevez suffisamment de clients via Google ou WhatsApp actuellement ?

J’ai remarqué que votre présence en ligne (site web) n’est pas optimisée, et cela peut vous faire perdre des clients chaque jour.

J’aide des agences comme la vôtre à obtenir plus de réservations grâce à un système simple (site web + WhatsApp + visibilité Google).

Je peux vous montrer exactement ce qui vous manque — gratuitement.

Ça vous intéresse ?",,No Website,33.0,,,,,,,"https://www.google.com/maps/place/Dr+Francisco+Pedro/@48.871329,2.1392404,12z/data=!4m9!1m2!2m1!1sdentiste+paris!3m5!1s0x47e66fb250a9730f:0xa43e73e6797fa945!8m2!3d48.8713288!4d2.2834364!16s%2Fg%2F11n_xxhxlg?entry=ttu&g_ep=EgoyMDI2MDQxMy4wIKXMDSoASAFQAw%3D%3D"
Centre dentaire Paris 10 Lafayette - Dentylis,,,"Bonjour 👋 {name}

Je suis tombé sur votre agence en ligne.

Petite question — est-ce que vous recevez suffisamment de clients via Google ou WhatsApp actuellement ?

J’ai remarqué que votre présence en ligne (site web) n’est pas optimisée, et cela peut vous faire perdre des clients chaque jour.

J’aide des agences comme la vôtre à obtenir plus de réservations grâce à un système simple (site web + WhatsApp + visibilité Google).

Je peux vous montrer exactement ce qui vous manque — gratuitement.

Ça vous intéresse ?",,No Website,33.0,,,,,,,"https://www.google.com/maps/place/Centre+dentaire+Paris+10+Lafayette+-+Dentylis/@48.871329,2.1392404,12z/data=!4m10!1m2!2m1!1sdentiste+paris!3m6!1s0x47e66fbe4fa2b7bb:0x987cf590f0ed7957!8m2!3d48.877661!4d2.351203!15sCg5kZW50aXN0ZSBwYXJpc5IBB2RlbnRpc3TgAQA!16s%2Fg%2F11h14rkcpr?entry=ttu&g_ep=EgoyMDI2MDQxMy4wIKXMDSoASAFQAw%3D%3D"
Place dentaire Barbès - Centre dentaire paris 18,,,"Bonjour 👋 {name}

Je suis tombé sur votre agence en ligne.

Petite question — est-ce que vous recevez suffisamment de clients via Google ou WhatsApp actuellement ?

J’ai remarqué que votre présence en ligne (site web) n’est pas optimisée, et cela peut vous faire perdre des clients chaque jour.

J’aide des agences comme la vôtre à obtenir plus de réservations grâce à un système simple (site web + WhatsApp + visibilité Google).

Je peux vous montrer exactement ce qui vous manque — gratuitement.

Ça vous intéresse ?",,No Website,33.0,,,,,,,"https://www.google.com/maps/place/Place+dentaire+Barb%C3%A8s+-+Centre+dentaire+paris+18/@48.871329,2.1392404,12z/data=!4m10!1m2!2m1!1sdentiste+paris!3m6!1s0x47e66f6494242ba3:0x580d167019309570!8m2!3d48.8862275!4d2.3492461!15sCg5kZW50aXN0ZSBwYXJpc5IBB2RlbnRpc3TgAQA!16s%2Fg%2F11grbv24w2?entry=ttu&g_ep=EgoyMDI2MDQxMy4wIKXMDSoASAFQAw%3D%3D"
Centre dentaire Paris 13 - Vincent Auriol,,,"Bonjour 👋 {name}

Je suis tombé sur votre agence en ligne.

Petite question — est-ce que vous recevez suffisamment de clients via Google ou WhatsApp actuellement ?

J’ai remarqué que votre présence en ligne (site web) n’est pas optimisée, et cela peut vous faire perdre des clients chaque jour.

J’aide des agences comme la vôtre à obtenir plus de réservations grâce à un système simple (site web + WhatsApp + visibilité Google).

Je peux vous montrer exactement ce qui vous manque — gratuitement.

Ça vous intéresse ?",,No Website,33.0,,,,,,,"https://www.google.com/maps/place/Centre+dentaire+Paris+13+-+Vincent+Auriol/@48.83202,2.2161884,12z/data=!4m10!1m2!2m1!1sdentiste+paris!3m6!1s0x47e6718b94dabce9:0xb401de72d2ca10a3!8m2!3d48.83202!4d2.360384!15sCg5kZW50aXN0ZSBwYXJpc5IBB2RlbnRpc3TgAQA!16s%2Fg%2F1thvxl93?entry=ttu&g_ep=EgoyMDI2MDQxMy4wIKXMDSoASAFQAw%3D%3D"
"Clinadent - Centre Dentaire Paris 2, Louvre",186906759.0,,"Bonjour 👋 {name}

Je suis tombé sur votre agence en ligne.

Petite question — est-ce que vous recevez suffisamment de clients via Google ou WhatsApp actuellement ?

J’ai remarqué que votre présence en ligne (site web) n’est pas optimisée, et cela peut vous faire perdre des clients chaque jour.

J’aide des agences comme la vôtre à obtenir plus de réservations grâce à un système simple (site web + WhatsApp + visibilité Google).

Je peux vous montrer exactement ce qui vous manque — gratuitement.

Ça vous intéresse ?",https://wa.me/33186906759,Has Website,33.0,https://centre-dentaire-paris-2-louvre.fr/,"
33 Rue du Louvre, 75002 Paris, France",,,,,"https://www.google.com/maps/place/Clinadent+-+Centre+Dentaire+Paris+2,+Louvre/@48.83202,2.2161884,12z/data=!4m10!1m2!2m1!1sdentiste+paris!3m6!1s0x47e66f9265df0623:0x4ee4fb657552d9e8!8m2!3d48.8661777!4d2.3433857!15sCg5kZW50aXN0ZSBwYXJpc5IBB2RlbnRpc3TgAQA!16s%2Fg%2F11fkr384p2?entry=ttu&g_ep=EgoyMDI2MDQxMy4wIKXMDSoASAFQAw%3D%3D"
Dr Francisco Pedro,956039079.0,paris,"Bonjour Dr Francisco Pedro, j'aime votre établissement à paris !",https://wa.me/33956039079?text=Bonjour%20Dr%20Francisco%20Pedro%2C%20j%27aime%20votre%20%C3%A9tablissement%20%C3%A0%20paris%20%21,Has Website,33.0,https://hazan-pedro-chirurgiens-dentistes.com/,"
185 Rue de la Pompe, 75116 Paris, France",,,,,"https://www.google.com/maps/place/Dr+Francisco+Pedro/@48.8555694,2.2730073,12z/data=!4m9!1m2!2m1!1sdentiste+paris!3m5!1s0x47e66fb250a9730f:0xa43e73e6797fa945!8m2!3d48.8713288!4d2.2834364!16s%2Fg%2F11n_xxhxlg?entry=ttu&g_ep=EgoyMDI2MDQxMy4wIKXMDSoASAFQAw%3D%3D"
Christophe CHENU,665533786.0,paris,"Bonjour Christophe CHENU, j'aime votre établissement à paris !",https://wa.me/33665533786?text=Bonjour%20Christophe%20CHENU%2C%20j%27aime%20votre%20%C3%A9tablissement%20%C3%A0%20paris%20%21,Has Website,33.0,http://www.christophechenu.fr/,"
Digicodes Portail 3586 / Hall droit 8213 / Vidéophone 503 ou Cabinet dentaire, 4 Pl. Aurélie Nemours, 75013 Paris, France",,,,,"https://www.google.com/maps/place/Christophe+CHENU/@48.827,2.2364594,12z/data=!4m9!1m2!2m1!1sdentiste+paris!3m5!1s0x47e6723a3ad63fa9:0x9613e20b700d168f!8m2!3d48.8270004!4d2.3806548!16s%2Fg%2F11gcjf3t_1?entry=ttu&g_ep=EgoyMDI2MDQxMy4wIKXMDSoASAFQAw%3D%3D"
Place dentaire Barbès - Centre dentaire paris 18,142554255.0,paris,"Bonjour Place dentaire Barbès - Centre dentaire paris 18, j'aime votre établissement à paris !",https://wa.me/33142554255?text=Bonjour%20Place%20dentaire%20Barb%C3%A8s%20-%20Centre%20dentaire%20paris%2018%2C%20j%27aime%20votre%20%C3%A9tablissement%20%C3%A0%20paris%20%21,Has Website,33.0,http://centre-dentaire-barbes-75018.fr/,"
23 Bd Barbès, 75018 Paris, France",,,,,"https://www.google.com/maps/place/Place+dentaire+Barb%C3%A8s+-+Centre+dentaire+paris+18/@48.827,2.2364594,12z/data=!4m10!1m2!2m1!1sdentiste+paris!3m6!1s0x47e66f6494242ba3:0x580d167019309570!8m2!3d48.8862275!4d2.3492461!15sCg5kZW50aXN0ZSBwYXJpc5IBB2RlbnRpc3TgAQA!16s%2Fg%2F11grbv24w2?entry=ttu&g_ep=EgoyMDI2MDQxMy4wIKXMDSoASAFQAw%3D%3D"
CLINIQUE DENTAIRE PARIS-BICHAT - Porte de Saint-Ouen Paris 17 - URGENCES ET SOINS DENTAIRES,142554255.0,paris,"Bonjour CLINIQUE DENTAIRE PARIS-BICHAT - Porte de Saint-Ouen Paris 17 - URGENCES ET SOINS DENTAIRES, j'aime votre établissement à paris !",https://wa.me/33142554255?text=Bonjour%20CLINIQUE%20DENTAIRE%20PARIS-BICHAT%20-%20Porte%20de%20Saint-Ouen%20Paris%2017%20-%20URGENCES%20ET%20SOINS%20DENTAIRES%2C%20j%27aime%20votre%20%C3%A9tablissement%20%C3%A0%20paris%20%21,Has Website,33.0,http://centre-dentaire-barbes-75018.fr/,"
23 Bd Barbès, 75018 Paris, France",,,,,"https://www.google.com/maps/place/CLINIQUE+DENTAIRE+PARIS-BICHAT+-+Porte+de+Saint-Ouen+Paris+17+-+URGENCES+ET+SOINS+DENTAIRES/@48.827,2.2364594,12z/data=!4m10!1m2!2m1!1sdentiste+paris!3m6!1s0x47e66feb783dad8f:0xfe32495a174bc05!8m2!3d48.8977854!4d2.3268365!15sCg5kZW50aXN0ZSBwYXJpc5IBB2RlbnRpc3TgAQA!16s%2Fg%2F11pvblpb0v?entry=ttu&g_ep=EgoyMDI2MDQxMy4wIKXMDSoASAFQAw%3D%3D"
Centre Dentaire Paris 15 Lecourbe : Dentiste Paris - Dentego,146273617.0,paris,"Bonjour Centre Dentaire Paris 15 Lecourbe : Dentiste Paris - Dentego, j'aime votre établissement à paris !",https://wa.me/33146273617?text=Bonjour%20Centre%20Dentaire%20Paris%2015%20Lecourbe%20%3A%20Dentiste%20Paris%20-%20Dentego%2C%20j%27aime%20votre%20%C3%A9tablissement%20%C3%A0%20paris%20%21,Has Website,33.0,https://www.doctolib.fr/centre-dentaire/paris/centre-dentaire-bessieres-paris-17,"
22 Bd Bessières, 75017 Paris, France",,,,,"https://www.google.com/maps/place/Centre+Dentaire+Paris+15+Lecourbe+:+Dentiste+Paris+-+Dentego/@48.827,2.2364594,12z/data=!4m10!1m2!2m1!1sdentiste+paris!3m6!1s0x47e6719a9fcfb91f:0x2bdcaf957e4006a8!8m2!3d48.8442445!4d2.3076842!15sCg5kZW50aXN0ZSBwYXJpc5IBB2RlbnRpc3TgAQA!16s%2Fg%2F11ghsbtccx?entry=ttu&g_ep=EgoyMDI2MDQxMy4wIKXMDSoASAFQAw%3D%3D"
Centre Dentaire Paris 12 Gare de Lyon : Dentiste et Cabinet d'orthodontie Paris - Dentego,183353060.0,paris,"Bonjour Centre Dentaire Paris 12 Gare de Lyon : Dentiste et Cabinet d'orthodontie Paris - Dentego, j'aime votre établissement à paris !",https://wa.me/33183353060?text=Bonjour%20Centre%20Dentaire%20Paris%2012%20Gare%20de%20Lyon%20%3A%20Dentiste%20et%20Cabinet%20d%27orthodontie%20Paris%20-%20Dentego%2C%20j%27aime%20votre%20%C3%A9tablissement%20%C3%A0%20paris%20%21,Has Website,33.0,https://dentego.fr/nos-centres/ile-de-france/paris-15/,"
42 Rue Lecourbe, 75015 Paris, France",,,,,"https://www.google.com/maps/place/Centre+Dentaire+Paris+15+Lecourbe+:+Dentiste+Paris+-+Dentego/@48.8442445,2.1634886,12z/data=!4m10!1m2!2m1!1sdentiste+paris!3m6!1s0x47e6719a9fcfb91f:0x2bdcaf957e4006a8!8m2!3d48.8442445!4d2.3076842!15sCg5kZW50aXN0ZSBwYXJpc5IBB2RlbnRpc3TgAQA!16s%2Fg%2F11ghsbtccx?entry=ttu&g_ep=EgoyMDI2MDQxMy4wIKXMDSoASAFQAw%3D%3D"
Place dentaire Barbès - Centre dentaire paris 18,33142554255.0,Marrakech,hello friend,https://wa.me/212+33142554255?text=hello%20friend,Has Website,212.0,http://centre-dentaire-barbes-75018.fr/,"
23 Bd Barbès, 75018 Paris, France",,,,,"https://www.google.com/maps/place/Place+dentaire+Barb%C3%A8s+-+Centre+dentaire+paris+18/@48.8555694,2.2730073,12z/data=!4m10!1m2!2m1!1sdentiste+paris!3m6!1s0x47e66f6494242ba3:0x580d167019309570!8m2!3d48.8862275!4d2.3492461!15sCg5kZW50aXN0ZSBwYXJpc5IBB2RlbnRpc3TgAQA!16s%2Fg%2F11grbv24w2?entry=ttu&g_ep=EgoyMDI2MDQxMy4wIKXMDSoASAFQAw%3D%3D"
CLINIQUE DENTAIRE PARIS-BICHAT - Porte de Saint-Ouen Paris 17 - URGENCES ET SOINS DENTAIRES,33146273617.0,Marrakech,hello friend,https://wa.me/212+33146273617?text=hello%20friend,Has Website,212.0,https://www.doctolib.fr/centre-dentaire/paris/centre-dentaire-bessieres-paris-17,"
22 Bd Bessières, 75017 Paris, France",,,,,"https://www.google.com/maps/place/CLINIQUE+DENTAIRE+PARIS-BICHAT+-+Porte+de+Saint-Ouen+Paris+17+-+URGENCES+ET+SOINS+DENTAIRES/@48.8862275,2.2050505,12z/data=!4m10!1m2!2m1!1sdentiste+paris!3m6!1s0x47e66feb783dad8f:0xfe32495a174bc05!8m2!3d48.8977854!4d2.3268365!15sCg5kZW50aXN0ZSBwYXJpc5IBB2RlbnRpc3TgAQA!16s%2Fg%2F11pvblpb0v?entry=ttu&g_ep=EgoyMDI2MDQxMy4wIKXMDSoASAFQAw%3D%3D"
Centre Dentaire Paris 15 Lecourbe : Dentiste Paris - Dentego,33183353060.0,Marrakech,hello friend,https://wa.me/212+33183353060?text=hello%20friend,Has Website,212.0,https://dentego.fr/nos-centres/ile-de-france/paris-15/,"
42 Rue Lecourbe, 75015 Paris, France",,,,,"https://www.google.com/maps/place/Centre+Dentaire+Paris+15+Lecourbe+:+Dentiste+Paris+-+Dentego/@48.8862275,2.2050505,12z/data=!4m10!1m2!2m1!1sdentiste+paris!3m6!1s0x47e6719a9fcfb91f:0x2bdcaf957e4006a8!8m2!3d48.8442445!4d2.3076842!15sCg5kZW50aXN0ZSBwYXJpc5IBB2RlbnRpc3TgAQA!16s%2Fg%2F11ghsbtccx?entry=ttu&g_ep=EgoyMDI2MDQxMy4wIKXMDSoASAFQAw%3D%3D"
Centre Dentaire Paris 12 Gare de Lyon : Dentiste et Cabinet d'orthodontie Paris - Dentego,33189200929.0,Marrakech,hello friend,https://wa.me/212+33189200929?text=hello%20friend,Has Website,212.0,https://dentego.fr/nos-centres/ile-de-france/centre-dentaire-paris/centre-dentaire-paris-12/,"
5 Rue de Lyon, 75012 Paris, France",,,,,"https://www.google.com/maps/place/Centre+Dentaire+Paris+12+Gare+de+Lyon+:+Dentiste+et+Cabinet+d'orthodontie+Paris+-+Dentego/@48.8862275,2.2050505,12z/data=!3m1!5s0x47e67204a6cf9c7d:0xdbbf7b221c057ddb!4m10!1m2!2m1!1sdentiste+paris!3m6!1s0x47e6736648a0d9c9:0x826ffb1588bbbb6d!8m2!3d48.8462153!4d2.3718964!15sCg5kZW50aXN0ZSBwYXJpc5IBB2RlbnRpc3TgAQA!16s%2Fg%2F11pphbh9hw?entry=ttu&g_ep=EgoyMDI2MDQxMy4wIKXMDSoASAFQAw%3D%3D"
Centre Dentaire Paris 10 Gare du Nord : Dentiste et Cabinet d'orthodontie Paris - Dentego,33185730303.0,Marrakech,hello friend,https://wa.me/212+33185730303?text=hello%20friend,Has Website,212.0,https://dentego.fr/nos-centres/ile-de-france/paris-10/,"
10 Rue de Valenciennes, 75010 Paris, France",,,,,"https://www.google.com/maps/place/Centre+Dentaire+Paris+10+Gare+du+Nord+:+Dentiste+et+Cabinet+d'orthodontie+Paris+-+Dentego/@48.8862275,2.2050505,12z/data=!3m1!5s0x47e67204a6cf9c7d:0xdbbf7b221c057ddb!4m10!1m2!2m1!1sdentiste+paris!3m6!1s0x47e66e6d0200c2e3:0x96e088dc5073f79c!8m2!3d48.8783909!4d2.3547616!15sCg5kZW50aXN0ZSBwYXJpc5IBB2RlbnRpc3TgAQA!16s%2Fg%2F11bc73rbdm?entry=ttu&g_ep=EgoyMDI2MDQxMy4wIKXMDSoASAFQAw%3D%3D"
Clinadent - Centre dentaire Paris 16 Victor Hugo,33185730303.0,Marrakech,hello friend,https://wa.me/212+33185730303?text=hello%20friend,Has Website,212.0,https://dentego.fr/nos-centres/ile-de-france/paris-10/,"
10 Rue de Valenciennes, 75010 Paris, France",,,,,"https://www.google.com/maps/place/Centre+Dentaire+Paris+10+Gare+du+Nord+:+Dentiste+et+Cabinet+d'orthodontie+Paris+-+Dentego/@48.8862275,2.2050505,12z/data=!4m10!1m2!2m1!1sdentiste+paris!3m6!1s0x47e66e6d0200c2e3:0x96e088dc5073f79c!8m2!3d48.8783909!4d2.3547616!15sCg5kZW50aXN0ZSBwYXJpc5IBB2RlbnRpc3TgAQA!16s%2Fg%2F11bc73rbdm?entry=ttu&g_ep=EgoyMDI2MDQxMy4wIKXMDSoASAFQAw%3D%3D"
Centre dentaire Paris 10 Lafayette - Dentylis,183759045.0,Marrakech,"Bonjour 👋 {name}

Je suis tombé sur votre agence en ligne.

Petite question — est-ce que vous recevez suffisamment de clients via Google ou WhatsApp actuellement ?

J’ai remarqué que votre présence en ligne (site web) n’est pas optimisée, et cela peut vous faire perdre des clients chaque jour.

J’aide des agences comme la vôtre à obtenir plus de réservations grâce à un système simple (site web + WhatsApp + visibilité Google).

Je peux vous montrer exactement ce qui vous manque — gratuitement.

Ça vous intéresse ?",https://wa.me/33183759045?text=Bonjour%20%F0%9F%91%8B%20%7Bname%7D%0A%0AJe%20suis%20tomb%C3%A9%20sur%20votre%20agence%20en%20ligne.%0A%0APetite%20question%20%E2%80%94%20est-ce%20que%20vous%20recevez%20suffisamment%20de%20clients%20via%20Google%20ou%20WhatsApp%20actuellement%20%3F%0A%0AJ%E2%80%99ai%20remarqu%C3%A9%20que%20votre%20pr%C3%A9sence%20en%20ligne%20%28site%20web%29%20n%E2%80%99est%20pas%20optimis%C3%A9e%2C%20et%20cela%20peut%20vous%20faire%20perdre%20des%20clients%20chaque%20jour.%0A%0AJ%E2%80%99aide%20des%20agences%20comme%20la%20v%C3%B4tre%20%C3%A0%20obtenir%20plus%20de%20r%C3%A9servations%20gr%C3%A2ce%20%C3%A0%20un%20syst%C3%A8me%20simple%20%28site%20web%20%2B%20WhatsApp%20%2B%20visibilit%C3%A9%20Google%29.%0A%0AJe%20peux%20vous%20montrer%20exactement%20ce%20qui%20vous%20manque%20%E2%80%94%20gratuitement.%0A%0A%C3%87a%20vous%20int%C3%A9resse%20%3F,Has Website,33.0,https://dentylis.fr/paris/dentistes-paris-10-lafayette/,"
108 Rue La Fayette, 75010 Paris, France",,,,,"https://www.google.com/maps/place/Centre+dentaire+Paris+10+Lafayette+-+Dentylis/@48.827,2.2364594,12z/data=!4m10!1m2!2m1!1sdentiste+paris!3m6!1s0x47e66fbe4fa2b7bb:0x987cf590f0ed7957!8m2!3d48.877661!4d2.351203!15sCg5kZW50aXN0ZSBwYXJpc5IBB2RlbnRpc3TgAQA!16s%2Fg%2F11h14rkcpr?entry=ttu&g_ep=EgoyMDI2MDQxMy4wIKXMDSoASAFQAw%3D%3D"
Centre dentaire Paris 13 - Vincent Auriol,142170000.0,Marrakech,"Bonjour 👋 {name}

Je suis tombé sur votre agence en ligne.

Petite question — est-ce que vous recevez suffisamment de clients via Google ou WhatsApp actuellement ?

J’ai remarqué que votre présence en ligne (site web) n’est pas optimisée, et cela peut vous faire perdre des clients chaque jour.

J’aide des agences comme la vôtre à obtenir plus de réservations grâce à un système simple (site web + WhatsApp + visibilité Google).

Je peux vous montrer exactement ce qui vous manque — gratuitement.

Ça vous intéresse ?",https://wa.me/33142170000?text=Bonjour%20%F0%9F%91%8B%20%7Bname%7D%0A%0AJe%20suis%20tomb%C3%A9%20sur%20votre%20agence%20en%20ligne.%0A%0APetite%20question%20%E2%80%94%20est-ce%20que%20vous%20recevez%20suffisamment%20de%20clients%20via%20Google%20ou%20WhatsApp%20actuellement%20%3F%0A%0AJ%E2%80%99ai%20remarqu%C3%A9%20que%20votre%20pr%C3%A9sence%20en%20ligne%20%28site%20web%29%20n%E2%80%99est%20pas%20optimis%C3%A9e%2C%20et%20cela%20peut%20vous%20faire%20perdre%20des%20clients%20chaque%20jour.%0A%0AJ%E2%80%99aide%20des%20agences%20comme%20la%20v%C3%B4tre%20%C3%A0%20obtenir%20plus%20de%20r%C3%A9servations%20gr%C3%A2ce%20%C3%A0%20un%20syst%C3%A8me%20simple%20%28site%20web%20%2B%20WhatsApp%20%2B%20visibilit%C3%A9%20Google%29.%0A%0AJe%20peux%20vous%20montrer%20exactement%20ce%20qui%20vous%20manque%20%E2%80%94%20gratuitement.%0A%0A%C3%87a%20vous%20int%C3%A9resse%20%3F,Has Website,33.0,https://www.doctolib.fr/centre-dentaire/paris/cabinet-dentaire-vincent-auriol-paris,"
169 Bis Bd Vincent Auriol, 75013 Paris, France",,,,,"https://www.google.com/maps/place/Centre+dentaire+Paris+13+-+Vincent+Auriol/@48.827,2.2364594,12z/data=!4m10!1m2!2m1!1sdentiste+paris!3m6!1s0x47e6718b94dabce9:0xb401de72d2ca10a3!8m2!3d48.83202!4d2.360384!15sCg5kZW50aXN0ZSBwYXJpc5IBB2RlbnRpc3TgAQA!16s%2Fg%2F1thvxl93?entry=ttu&g_ep=EgoyMDI2MDQxMy4wIKXMDSoASAFQAw%3D%3D"
Docteur Patrick BERMOT,145489788.0,paris,"Bonjour 👋 {name}

Je suis tombé sur votre agence en ligne.

Petite question — est-ce que vous recevez suffisamment de clients via Google ou WhatsApp actuellement ?

J’ai remarqué que votre présence en ligne (site web) n’est pas optimisée, et cela peut vous faire perdre des clients chaque jour.

J’aide des agences comme la vôtre à obtenir plus de réservations grâce à un système simple (site web + WhatsApp + visibilité Google).

Je peux vous montrer exactement ce qui vous manque — gratuitement.

Ça vous intéresse ?",https://wa.me/33145489788?text=Bonjour%20%F0%9F%91%8B%20%7Bname%7D%0A%0AJe%20suis%20tomb%C3%A9%20sur%20votre%20agence%20en%20ligne.%0A%0APetite%20question%20%E2%80%94%20est-ce%20que%20vous%20recevez%20suffisamment%20de%20clients%20via%20Google%20ou%20WhatsApp%20actuellement%20%3F%0A%0AJ%E2%80%99ai%20remarqu%C3%A9%20que%20votre%20pr%C3%A9sence%20en%20ligne%20%28site%20web%29%20n%E2%80%99est%20pas%20optimis%C3%A9e%2C%20et%20cela%20peut%20vous%20faire%20perdre%20des%20clients%20chaque%20jour.%0A%0AJ%E2%80%99aide%20des%20agences%20comme%20la%20v%C3%B4tre%20%C3%A0%20obtenir%20plus%20de%20r%C3%A9servations%20gr%C3%A2ce%20%C3%A0%20un%20syst%C3%A8me%20simple%20%28site%20web%20%2B%20WhatsApp%20%2B%20visibilit%C3%A9%20Google%29.%0A%0AJe%20peux%20vous%20montrer%20exactement%20ce%20qui%20vous%20manque%20%E2%80%94%20gratuitement.%0A%0A%C3%87a%20vous%20int%C3%A9resse%20%3F,Has Website,33.0,http://www.dentiste-pour-seniors.com/,"
11 Rue Magellan, 75008 Paris, France",http://www.instagram.com/drpatrickbermot,,,,"https://www.google.com/maps/place/Docteur+Patrick+BERMOT/@48.870464,2.1554744,12z/data=!3m1!5s0x47e66fe9c5fc9b8b:0xc7898dea64664ffe!4m9!1m2!2m1!1sdentiste+paris!3m5!1s0x47e66fe9c5b04e07:0x5a16e83914ab6ce0!8m2!3d48.8704638!4d2.2996703!16s%2Fg%2F1tvgtnc5?entry=ttu&g_ep=EgoyMDI2MDQxMy4wIKXMDSoASAFQAw%3D%3D"
CLINIQUE DENTAIRE PARIS-BICHAT - Porte de Saint-Ouen Paris 17 - URGENCES ET SOINS DENTAIRES,146273617.0,paris,"Bonjour 👋 {name}

Je suis tombé sur votre agence en ligne.

Petite question — est-ce que vous recevez suffisamment de clients via Google ou WhatsApp actuellement ?

J’ai remarqué que votre présence en ligne (site web) n’est pas optimisée, et cela peut vous faire perdre des clients chaque jour.

J’aide des agences comme la vôtre à obtenir plus de réservations grâce à un système simple (site web + WhatsApp + visibilité Google).

Je peux vous montrer exactement ce qui vous manque — gratuitement.

Ça vous intéresse ?",https://wa.me/33146273617?text=Bonjour%20%F0%9F%91%8B%20%7Bname%7D%0A%0AJe%20suis%20tomb%C3%A9%20sur%20votre%20agence%20en%20ligne.%0A%0APetite%20question%20%E2%80%94%20est-ce%20que%20vous%20recevez%20suffisamment%20de%20clients%20via%20Google%20ou%20WhatsApp%20actuellement%20%3F%0A%0AJ%E2%80%99ai%20remarqu%C3%A9%20que%20votre%20pr%C3%A9sence%20en%20ligne%20%28site%20web%29%20n%E2%80%99est%20pas%20optimis%C3%A9e%2C%20et%20cela%20peut%20vous%20faire%20perdre%20des%20clients%20chaque%20jour.%0A%0AJ%E2%80%99aide%20des%20agences%20comme%20la%20v%C3%B4tre%20%C3%A0%20obtenir%20plus%20de%20r%C3%A9servations%20gr%C3%A2ce%20%C3%A0%20un%20syst%C3%A8me%20simple%20%28site%20web%20%2B%20WhatsApp%20%2B%20visibilit%C3%A9%20Google%29.%0A%0AJe%20peux%20vous%20montrer%20exactement%20ce%20qui%20vous%20manque%20%E2%80%94%20gratuitement.%0A%0A%C3%87a%20vous%20int%C3%A9resse%20%3F,Has Website,33.0,https://www.doctolib.fr/centre-dentaire/paris/centre-dentaire-bessieres-paris-17,"
22 Bd Bessières, 75017 Paris, France",,,,,"https://www.google.com/maps/place/CLINIQUE+DENTAIRE+PARIS-BICHAT+-+Porte+de+Saint-Ouen+Paris+17+-+URGENCES+ET+SOINS+DENTAIRES/@48.827,2.2364594,12z/data=!4m10!1m2!2m1!1sdentiste+paris!3m6!1s0x47e66feb783dad8f:0xfe32495a174bc05!8m2!3d48.8977854!4d2.3268365!15sCg5kZW50aXN0ZSBwYXJpc5IBB2RlbnRpc3TgAQA!16s%2Fg%2F11pvblpb0v?entry=ttu&g_ep=EgoyMDI2MDQxMy4wIKXMDSoASAFQAw%3D%3D"
Centre Dentaire Paris 15 Lecourbe : Dentiste Paris - Dentego,183353060.0,paris,"Bonjour 👋 {name}

Je suis tombé sur votre agence en ligne.

Petite question — est-ce que vous recevez suffisamment de clients via Google ou WhatsApp actuellement ?

J’ai remarqué que votre présence en ligne (site web) n’est pas optimisée, et cela peut vous faire perdre des clients chaque jour.

J’aide des agences comme la vôtre à obtenir plus de réservations grâce à un système simple (site web + WhatsApp + visibilité Google).

Je peux vous montrer exactement ce qui vous manque — gratuitement.

Ça vous intéresse ?",https://wa.me/33183353060?text=Bonjour%20%F0%9F%91%8B%20%7Bname%7D%0A%0AJe%20suis%20tomb%C3%A9%20sur%20votre%20agence%20en%20ligne.%0A%0APetite%20question%20%E2%80%94%20est-ce%20que%20vous%20recevez%20suffisamment%20de%20clients%20via%20Google%20ou%20WhatsApp%20actuellement%20%3F%0A%0AJ%E2%80%99ai%20remarqu%C3%A9%20que%20votre%20pr%C3%A9sence%20en%20ligne%20%28site%20web%29%20n%E2%80%99est%20pas%20optimis%C3%A9e%2C%20et%20cela%20peut%20vous%20faire%20perdre%20des%20clients%20chaque%20jour.%0A%0AJ%E2%80%99aide%20des%20agences%20comme%20la%20v%C3%B4tre%20%C3%A0%20obtenir%20plus%20de%20r%C3%A9servations%20gr%C3%A2ce%20%C3%A0%20un%20syst%C3%A8me%20simple%20%28site%20web%20%2B%20WhatsApp%20%2B%20visibilit%C3%A9%20Google%29.%0A%0AJe%20peux%20vous%20montrer%20exactement%20ce%20qui%20vous%20manque%20%E2%80%94%20gratuitement.%0A%0A%C3%87a%20vous%20int%C3%A9resse%20%3F,Has Website,33.0,https://dentego.fr/nos-centres/ile-de-france/paris-15/,"
42 Rue Lecourbe, 75015 Paris, France",,,,,"https://www.google.com/maps/place/Centre+Dentaire+Paris+15+Lecourbe+:+Dentiste+Paris+-+Dentego/@48.8442445,2.1634886,12z/data=!4m10!1m2!2m1!1sdentiste+paris!3m6!1s0x47e6719a9fcfb91f:0x2bdcaf957e4006a8!8m2!3d48.8442445!4d2.3076842!15sCg5kZW50aXN0ZSBwYXJpc5IBB2RlbnRpc3TgAQA!16s%2Fg%2F11ghsbtccx?entry=ttu&g_ep=EgoyMDI2MDQxMy4wIKXMDSoASAFQAw%3D%3D"
Centre Dentaire Nice Garibaldi : Dentiste Nice - Dentego,482751055.0,nice,"=""Bonjour 👋 "" &A6&

""Je suis tombé sur votre agence en ligne.

Petite question — est-ce que vous recevez suffisamment de clients via Google ou WhatsApp actuellement ?

J’ai remarqué que votre présence en ligne (site web) n’est pas optimisée, et cela peut vous faire perdre des clients chaque jour.

J’aide des agences comme la vôtre à obtenir plus de réservations grâce à un système simple (site web + WhatsApp + visibilité Google).

Je peux vous montrer exactement ce qui vous manque — gratuitement.

Ça vous intéresse ?""",https://wa.me/33482751055?text=%3D%22Bonjour%20%F0%9F%91%8B%20%22%20%26A6%26%0A%0A%22Je%20suis%20tomb%C3%A9%20sur%20votre%20agence%20en%20ligne.%0A%0APetite%20question%20%E2%80%94%20est-ce%20que%20vous%20recevez%20suffisamment%20de%20clients%20via%20Google%20ou%20WhatsApp%20actuellement%20%3F%0A%0AJ%E2%80%99ai%20remarqu%C3%A9%20que%20votre%20pr%C3%A9sence%20en%20ligne%20%28site%20web%29%20n%E2%80%99est%20pas%20optimis%C3%A9e%2C%20et%20cela%20peut%20vous%20faire%20perdre%20des%20clients%20chaque%20jour.%0A%0AJ%E2%80%99aide%20des%20agences%20comme%20la%20v%C3%B4tre%20%C3%A0%20obtenir%20plus%20de%20r%C3%A9servations%20gr%C3%A2ce%20%C3%A0%20un%20syst%C3%A8me%20simple%20%28site%20web%20%2B%20WhatsApp%20%2B%20visibilit%C3%A9%20Google%29.%0A%0AJe%20peux%20vous%20montrer%20exactement%20ce%20qui%20vous%20manque%20%E2%80%94%20gratuitement.%0A%0A%C3%87a%20vous%20int%C3%A9resse%20%3F%22,Has Website,33.0,https://dentego.fr/nos-centres/provence-alpes-cote-dazur/nice-garibaldi/,"
10 Pl. Garibaldi, 06300 Nice, France",,,,,"https://www.google.com/maps/place/Centre+Dentaire+Nice+Garibaldi+:+Dentiste+Nice+-+Dentego/@43.6948237,7.2121261,13z/data=!4m10!1m2!2m1!1sdentiste+nice!3m6!1s0x12cddb9920f63d2f:0xe1cb05adafdd8c5d!8m2!3d43.7012518!4d7.2806417!15sCg1kZW50aXN0ZSBuaWNlWg8iDWRlbnRpc3RlIG5pY2WSAQdkZW50aXN0mgEkQ2hkRFNVaE5NRzluUzBWSlEwRm5TVVJTTjFCNU1qWm5SUkFC4AEA-gEECCMQQQ!16s%2Fg%2F11gh345mxc?entry=ttu&g_ep=EgoyMDI2MDQxMy4wIKXMDSoASAFQAw%3D%3D"
Centre Dentaire Nice France : Dentiste Nice - Dentego,489418619.0,nice,"=""Bonjour 👋 "" &A6&

""Je suis tombé sur votre agence en ligne.

Petite question — est-ce que vous recevez suffisamment de clients via Google ou WhatsApp actuellement ?

J’ai remarqué que votre présence en ligne (site web) n’est pas optimisée, et cela peut vous faire perdre des clients chaque jour.

J’aide des agences comme la vôtre à obtenir plus de réservations grâce à un système simple (site web + WhatsApp + visibilité Google).

Je peux vous montrer exactement ce qui vous manque — gratuitement.

Ça vous intéresse ?""",https://wa.me/33489418619?text=%3D%22Bonjour%20%F0%9F%91%8B%20%22%20%26A6%26%0A%0A%22Je%20suis%20tomb%C3%A9%20sur%20votre%20agence%20en%20ligne.%0A%0APetite%20question%20%E2%80%94%20est-ce%20que%20vous%20recevez%20suffisamment%20de%20clients%20via%20Google%20ou%20WhatsApp%20actuellement%20%3F%0A%0AJ%E2%80%99ai%20remarqu%C3%A9%20que%20votre%20pr%C3%A9sence%20en%20ligne%20%28site%20web%29%20n%E2%80%99est%20pas%20optimis%C3%A9e%2C%20et%20cela%20peut%20vous%20faire%20perdre%20des%20clients%20chaque%20jour.%0A%0AJ%E2%80%99aide%20des%20agences%20comme%20la%20v%C3%B4tre%20%C3%A0%20obtenir%20plus%20de%20r%C3%A9servations%20gr%C3%A2ce%20%C3%A0%20un%20syst%C3%A8me%20simple%20%28site%20web%20%2B%20WhatsApp%20%2B%20visibilit%C3%A9%20Google%29.%0A%0AJe%20peux%20vous%20montrer%20exactement%20ce%20qui%20vous%20manque%20%E2%80%94%20gratuitement.%0A%0A%C3%87a%20vous%20int%C3%A9resse%20%3F%22,Has Website,33.0,https://dentego.fr/nos-centres/provence-alpes-cote-dazur/nice-france/,"
134 Rue de France, 06000 Nice, France",,,,,"https://www.google.com/maps/place/Centre+Dentaire+Nice+France+:+Dentiste+Nice+-+Dentego/@43.6948237,7.2121261,13z/data=!4m10!1m2!2m1!1sdentiste+nice!3m6!1s0x12cdd161603bc0a9:0xf38f7ed3efd6f361!8m2!3d43.6934977!4d7.250256!15sCg1kZW50aXN0ZSBuaWNlWg8iDWRlbnRpc3RlIG5pY2WSAQdkZW50aXN0mgFEQ2k5RFFVbFJRVU52WkVOb2RIbGpSamx2VDJ4R1RGWkdTVEJTVjJSRlVtMXJNVkl6V2xaT1JYaHFWbGN4UzJFell4QULgAQD6AQQIABBI!16s%2Fg%2F11j3rytmf4?entry=ttu&g_ep=EgoyMDI2MDQxMy4wIKXMDSoASAFQAw%3D%3D"
Centre Dentaire Nice Thiers : Dentiste Nice - Dentego,492000808.0,nice,"=""Bonjour 👋 "" &A6&

""Je suis tombé sur votre agence en ligne.

Petite question — est-ce que vous recevez suffisamment de clients via Google ou WhatsApp actuellement ?

J’ai remarqué que votre présence en ligne (site web) n’est pas optimisée, et cela peut vous faire perdre des clients chaque jour.

J’aide des agences comme la vôtre à obtenir plus de réservations grâce à un système simple (site web + WhatsApp + visibilité Google).

Je peux vous montrer exactement ce qui vous manque — gratuitement.

Ça vous intéresse ?""",https://wa.me/33492000808?text=%3D%22Bonjour%20%F0%9F%91%8B%20%22%20%26A6%26%0A%0A%22Je%20suis%20tomb%C3%A9%20sur%20votre%20agence%20en%20ligne.%0A%0APetite%20question%20%E2%80%94%20est-ce%20que%20vous%20recevez%20suffisamment%20de%20clients%20via%20Google%20ou%20WhatsApp%20actuellement%20%3F%0A%0AJ%E2%80%99ai%20remarqu%C3%A9%20que%20votre%20pr%C3%A9sence%20en%20ligne%20%28site%20web%29%20n%E2%80%99est%20pas%20optimis%C3%A9e%2C%20et%20cela%20peut%20vous%20faire%20perdre%20des%20clients%20chaque%20jour.%0A%0AJ%E2%80%99aide%20des%20agences%20comme%20la%20v%C3%B4tre%20%C3%A0%20obtenir%20plus%20de%20r%C3%A9servations%20gr%C3%A2ce%20%C3%A0%20un%20syst%C3%A8me%20simple%20%28site%20web%20%2B%20WhatsApp%20%2B%20visibilit%C3%A9%20Google%29.%0A%0AJe%20peux%20vous%20montrer%20exactement%20ce%20qui%20vous%20manque%20%E2%80%94%20gratuitement.%0A%0A%C3%87a%20vous%20int%C3%A9resse%20%3F%22,Has Website,33.0,https://dentego.fr/nos-centres/provence-alpes-cote-dazur/nice-thiers/,"
18 Av. Thiers, 06000 Nice, France",,,,,"https://www.google.com/maps/place/Centre+Dentaire+Nice+Thiers+:+Dentiste+Nice+-+Dentego/@43.6934977,7.1781582,13z/data=!3m1!5s0x12cddaad3ea2aa8d:0x6825abd53a6580f6!4m10!1m2!2m1!1sdentiste+nice!3m6!1s0x12cdd00602b2f301:0x110bfd0e8055b64!8m2!3d43.7033349!4d7.2598274!15sCg1kZW50aXN0ZSBuaWNlWg8iDWRlbnRpc3RlIG5pY2WSAQdkZW50aXN0mgEkQ2hkRFNVaE5NRzluUzBWT1YyTXlPUzAwZVUxNmJ6QlJSUkFC4AEA-gEECAAQPQ!16s%2Fg%2F11c2nnkww2?entry=ttu&g_ep=EgoyMDI2MDQxMy4wIKXMDSoASAFQAw%3D%3D"
"Clinadent - Centre Dentaire, Nice Jean-Médecin",415982702.0,nice,"=""Bonjour 👋 "" &A6&

""Je suis tombé sur votre agence en ligne.

Petite question — est-ce que vous recevez suffisamment de clients via Google ou WhatsApp actuellement ?

J’ai remarqué que votre présence en ligne (site web) n’est pas optimisée, et cela peut vous faire perdre des clients chaque jour.

J’aide des agences comme la vôtre à obtenir plus de réservations grâce à un système simple (site web + WhatsApp + visibilité Google).

Je peux vous montrer exactement ce qui vous manque — gratuitement.

Ça vous intéresse ?""",https://wa.me/33415982702?text=%3D%22Bonjour%20%F0%9F%91%8B%20%22%20%26A6%26%0A%0A%22Je%20suis%20tomb%C3%A9%20sur%20votre%20agence%20en%20ligne.%0A%0APetite%20question%20%E2%80%94%20est-ce%20que%20vous%20recevez%20suffisamment%20de%20clients%20via%20Google%20ou%20WhatsApp%20actuellement%20%3F%0A%0AJ%E2%80%99ai%20remarqu%C3%A9%20que%20votre%20pr%C3%A9sence%20en%20ligne%20%28site%20web%29%20n%E2%80%99est%20pas%20optimis%C3%A9e%2C%20et%20cela%20peut%20vous%20faire%20perdre%20des%20clients%20chaque%20jour.%0A%0AJ%E2%80%99aide%20des%20agences%20comme%20la%20v%C3%B4tre%20%C3%A0%20obtenir%20plus%20de%20r%C3%A9servations%20gr%C3%A2ce%20%C3%A0%20un%20syst%C3%A8me%20simple%20%28site%20web%20%2B%20WhatsApp%20%2B%20visibilit%C3%A9%20Google%29.%0A%0AJe%20peux%20vous%20montrer%20exactement%20ce%20qui%20vous%20manque%20%E2%80%94%20gratuitement.%0A%0A%C3%87a%20vous%20int%C3%A9resse%20%3F%22,Has Website,33.0,http://www.clinadent.fr/,"
47 Av. Jean Médecin, 06000 Nice, France",,,,,"https://www.google.com/maps/place/Clinadent+-+Centre+Dentaire,+Nice+Jean-M%C3%A9decin/@43.6934977,7.1781582,13z/data=!4m10!1m2!2m1!1sdentiste+nice!3m6!1s0x12cdd1490c25d677:0xb59de8aece64c9f2!8m2!3d43.7046249!4d7.2652003!15sCg1kZW50aXN0ZSBuaWNlWg8iDWRlbnRpc3RlIG5pY2WSAQdkZW50aXN0mgEjQ2haRFNVaE5NRzluUzBWSlEwRm5TVVJLZEdWTVdHVlJFQUXgAQD6AQQIABA-!16s%2Fg%2F11rfd_2c2z?entry=ttu&g_ep=EgoyMDI2MDQxMy4wIKXMDSoASAFQAw%3D%3D"
Avident Nice,422542254.0,nice,"=""Bonjour 👋 "" &A6&

""Je suis tombé sur votre agence en ligne.

Petite question — est-ce que vous recevez suffisamment de clients via Google ou WhatsApp actuellement ?

J’ai remarqué que votre présence en ligne (site web) n’est pas optimisée, et cela peut vous faire perdre des clients chaque jour.

J’aide des agences comme la vôtre à obtenir plus de réservations grâce à un système simple (site web + WhatsApp + visibilité Google).

Je peux vous montrer exactement ce qui vous manque — gratuitement.

Ça vous intéresse ?""",https://wa.me/33422542254?text=%3D%22Bonjour%20%F0%9F%91%8B%20%22%20%26A6%26%0A%0A%22Je%20suis%20tomb%C3%A9%20sur%20votre%20agence%20en%20ligne.%0A%0APetite%20question%20%E2%80%94%20est-ce%20que%20vous%20recevez%20suffisamment%20de%20clients%20via%20Google%20ou%20WhatsApp%20actuellement%20%3F%0A%0AJ%E2%80%99ai%20remarqu%C3%A9%20que%20votre%20pr%C3%A9sence%20en%20ligne%20%28site%20web%29%20n%E2%80%99est%20pas%20optimis%C3%A9e%2C%20et%20cela%20peut%20vous%20faire%20perdre%20des%20clients%20chaque%20jour.%0A%0AJ%E2%80%99aide%20des%20agences%20comme%20la%20v%C3%B4tre%20%C3%A0%20obtenir%20plus%20de%20r%C3%A9servations%20gr%C3%A2ce%20%C3%A0%20un%20syst%C3%A8me%20simple%20%28site%20web%20%2B%20WhatsApp%20%2B%20visibilit%C3%A9%20Google%29.%0A%0AJe%20peux%20vous%20montrer%20exactement%20ce%20qui%20vous%20manque%20%E2%80%94%20gratuitement.%0A%0A%C3%87a%20vous%20int%C3%A9resse%20%3F%22,Has Website,33.0,https://avident.fr/?utm_source=gmb,"
40 Rue Trachel, 06000 Nice, France",,,,,"https://www.google.com/maps/place/Avident+Nice/@43.6934977,7.1781582,13z/data=!4m10!1m2!2m1!1sdentiste+nice!3m6!1s0x12cdd108316b06ed:0xb805f7fadb143264!8m2!3d43.706185!4d7.258918!15sCg1kZW50aXN0ZSBuaWNlWg8iDWRlbnRpc3RlIG5pY2WSAQdkZW50aXN0mgEjQ2haRFNVaE5NRzluUzBWSlEwRm5TVVF0YjBsRE4wdEJFQUXgAQD6AQQIABBD!16s%2Fg%2F11fkrz6_bj?entry=ttu&g_ep=EgoyMDI2MDQxMy4wIKXMDSoASAFQAw%3D%3D"
DentaNice - CENTRE DE SANTE DENTAIRE,492091515.0,nice,"=""Bonjour 👋 "" &A6&

""Je suis tombé sur votre agence en ligne.

Petite question — est-ce que vous recevez suffisamment de clients via Google ou WhatsApp actuellement ?

J’ai remarqué que votre présence en ligne (site web) n’est pas optimisée, et cela peut vous faire perdre des clients chaque jour.

J’aide des agences comme la vôtre à obtenir plus de réservations grâce à un système simple (site web + WhatsApp + visibilité Google).

Je peux vous montrer exactement ce qui vous manque — gratuitement.

Ça vous intéresse ?""",https://wa.me/33492091515?text=%3D%22Bonjour%20%F0%9F%91%8B%20%22%20%26A6%26%0A%0A%22Je%20suis%20tomb%C3%A9%20sur%20votre%20agence%20en%20ligne.%0A%0APetite%20question%20%E2%80%94%20est-ce%20que%20vous%20recevez%20suffisamment%20de%20clients%20via%20Google%20ou%20WhatsApp%20actuellement%20%3F%0A%0AJ%E2%80%99ai%20remarqu%C3%A9%20que%20votre%20pr%C3%A9sence%20en%20ligne%20%28site%20web%29%20n%E2%80%99est%20pas%20optimis%C3%A9e%2C%20et%20cela%20peut%20vous%20faire%20perdre%20des%20clients%20chaque%20jour.%0A%0AJ%E2%80%99aide%20des%20agences%20comme%20la%20v%C3%B4tre%20%C3%A0%20obtenir%20plus%20de%20r%C3%A9servations%20gr%C3%A2ce%20%C3%A0%20un%20syst%C3%A8me%20simple%20%28site%20web%20%2B%20WhatsApp%20%2B%20visibilit%C3%A9%20Google%29.%0A%0AJe%20peux%20vous%20montrer%20exactement%20ce%20qui%20vous%20manque%20%E2%80%94%20gratuitement.%0A%0A%C3%87a%20vous%20int%C3%A9resse%20%3F%22,Has Website,33.0,http://www.dentanice.fr/,"
39 Bd Gorbella, 06100 Nice, France",,,,,"https://www.google.com/maps/place/DentaNice+-+CENTRE+DE+SANTE+DENTAIRE/@43.6934977,7.1781582,13z/data=!4m10!1m2!2m1!1sdentiste+nice!3m6!1s0x12cdcffabbafffff:0x155402ff47892b8!8m2!3d43.7219566!4d7.2561304!15sCg1kZW50aXN0ZSBuaWNlWg8iDWRlbnRpc3RlIG5pY2WSAQ1kZW50YWxfY2xpbmljmgFEQ2k5RFFVbFJRVU52WkVOb2RIbGpSamx2VDI1UmVtRllhekZoTUhCVFZVWktNbGd5Um5GUFZsSldWMVY0Ymxwc1JSQULgAQD6AQQIABBF!16s%2Fg%2F11csqx3p3l?entry=ttu&g_ep=EgoyMDI2MDQxMy4wIKXMDSoASAFQAw%3D%3D"
Arenas Dentistes,492145145.0,nice,"=""Bonjour 👋 "" &A6&

""Je suis tombé sur votre agence en ligne.

Petite question — est-ce que vous recevez suffisamment de clients via Google ou WhatsApp actuellement ?

J’ai remarqué que votre présence en ligne (site web) n’est pas optimisée, et cela peut vous faire perdre des clients chaque jour.

J’aide des agences comme la vôtre à obtenir plus de réservations grâce à un système simple (site web + WhatsApp + visibilité Google).

Je peux vous montrer exactement ce qui vous manque — gratuitement.

Ça vous intéresse ?""",https://wa.me/33492145145?text=%3D%22Bonjour%20%F0%9F%91%8B%20%22%20%26A6%26%0A%0A%22Je%20suis%20tomb%C3%A9%20sur%20votre%20agence%20en%20ligne.%0A%0APetite%20question%20%E2%80%94%20est-ce%20que%20vous%20recevez%20suffisamment%20de%20clients%20via%20Google%20ou%20WhatsApp%20actuellement%20%3F%0A%0AJ%E2%80%99ai%20remarqu%C3%A9%20que%20votre%20pr%C3%A9sence%20en%20ligne%20%28site%20web%29%20n%E2%80%99est%20pas%20optimis%C3%A9e%2C%20et%20cela%20peut%20vous%20faire%20perdre%20des%20clients%20chaque%20jour.%0A%0AJ%E2%80%99aide%20des%20agences%20comme%20la%20v%C3%B4tre%20%C3%A0%20obtenir%20plus%20de%20r%C3%A9servations%20gr%C3%A2ce%20%C3%A0%20un%20syst%C3%A8me%20simple%20%28site%20web%20%2B%20WhatsApp%20%2B%20visibilit%C3%A9%20Google%29.%0A%0AJe%20peux%20vous%20montrer%20exactement%20ce%20qui%20vous%20manque%20%E2%80%94%20gratuitement.%0A%0A%C3%87a%20vous%20int%C3%A9resse%20%3F%22,Has Website,33.0,https://www.arenas-dentistes.fr/,"
Immeuble Nice 1er, 455 Prom. des Anglais, 06200 Nice, France",,,,,"https://www.google.com/maps/place/Arenas+Dentistes/@43.6934977,7.1781582,13z/data=!3m1!5s0x12cdd11b24096a89:0x1c2a0b8cab511911!4m10!1m2!2m1!1sdentiste+nice!3m6!1s0x12cdd124bd728881:0xd3305433604c5629!8m2!3d43.6676111!4d7.2143529!15sCg1kZW50aXN0ZSBuaWNlWg8iDWRlbnRpc3RlIG5pY2WSAQ1kZW50YWxfY2xpbmljmgEjQ2haRFNVaE5NRzluUzBWSlEwRm5TVVJhWjJNemJHRm5FQUXgAQD6AQQIABA-!16s%2Fg%2F11lfgpd98y?entry=ttu&g_ep=EgoyMDI2MDQxMy4wIKXMDSoASAFQAw%3D%3D"
Centre dentaire et d’orthodontie Nice Saint Isidore Denteva,493714196.0,nice,"=""Bonjour 👋 "" &A6&

""Je suis tombé sur votre agence en ligne.

Petite question — est-ce que vous recevez suffisamment de clients via Google ou WhatsApp actuellement ?

J’ai remarqué que votre présence en ligne (site web) n’est pas optimisée, et cela peut vous faire perdre des clients chaque jour.

J’aide des agences comme la vôtre à obtenir plus de réservations grâce à un système simple (site web + WhatsApp + visibilité Google).

Je peux vous montrer exactement ce qui vous manque — gratuitement.

Ça vous intéresse ?""",https://wa.me/33493714196?text=%3D%22Bonjour%20%F0%9F%91%8B%20%22%20%26A6%26%0A%0A%22Je%20suis%20tomb%C3%A9%20sur%20votre%20agence%20en%20ligne.%0A%0APetite%20question%20%E2%80%94%20est-ce%20que%20vous%20recevez%20suffisamment%20de%20clients%20via%20Google%20ou%20WhatsApp%20actuellement%20%3F%0A%0AJ%E2%80%99ai%20remarqu%C3%A9%20que%20votre%20pr%C3%A9sence%20en%20ligne%20%28site%20web%29%20n%E2%80%99est%20pas%20optimis%C3%A9e%2C%20et%20cela%20peut%20vous%20faire%20perdre%20des%20clients%20chaque%20jour.%0A%0AJ%E2%80%99aide%20des%20agences%20comme%20la%20v%C3%B4tre%20%C3%A0%20obtenir%20plus%20de%20r%C3%A9servations%20gr%C3%A2ce%20%C3%A0%20un%20syst%C3%A8me%20simple%20%28site%20web%20%2B%20WhatsApp%20%2B%20visibilit%C3%A9%20Google%29.%0A%0AJe%20peux%20vous%20montrer%20exactement%20ce%20qui%20vous%20manque%20%E2%80%94%20gratuitement.%0A%0A%C3%87a%20vous%20int%C3%A9resse%20%3F%22,Has Website,33.0,https://denteva.fr/,"
141 Bd des Jardiniers, 06200 Nice, France",,,,,"https://www.google.com/maps/place/Centre+dentaire+et+d%E2%80%99orthodontie+Nice+Saint+Isidore+Denteva/@43.6676111,7.1422551,13z/data=!4m10!1m2!2m1!1sdentiste+nice!3m6!1s0x12cdd15e3ed35565:0xd2755cb8756ebe19!8m2!3d43.7096509!4d7.1908582!15sCg1kZW50aXN0ZSBuaWNlWg8iDWRlbnRpc3RlIG5pY2WSAQdkZW50aXN0mgFEQ2k5RFFVbFJRVU52WkVOb2RIbGpSamx2VDIxa1ZrMHdkM3BYUld4YVdtcE9VMDlYTVhGT2JsVXpWa1JTYjJGSVl4QULgAQD6AQQIABBB!16s%2Fg%2F11l5g8z98z?entry=ttu&g_ep=EgoyMDI2MDQxMy4wIKXMDSoASAFQAw%3D%3D"
Cabinet Dentaire des Dr. Bensahel,493374434.0,nice,"=""Bonjour 👋 "" &A6&

""Je suis tombé sur votre agence en ligne.

Petite question — est-ce que vous recevez suffisamment de clients via Google ou WhatsApp actuellement ?

J’ai remarqué que votre présence en ligne (site web) n’est pas optimisée, et cela peut vous faire perdre des clients chaque jour.

J’aide des agences comme la vôtre à obtenir plus de réservations grâce à un système simple (site web + WhatsApp + visibilité Google).

Je peux vous montrer exactement ce qui vous manque — gratuitement.

Ça vous intéresse ?""",https://wa.me/33493374434?text=%3D%22Bonjour%20%F0%9F%91%8B%20%22%20%26A6%26%0A%0A%22Je%20suis%20tomb%C3%A9%20sur%20votre%20agence%20en%20ligne.%0A%0APetite%20question%20%E2%80%94%20est-ce%20que%20vous%20recevez%20suffisamment%20de%20clients%20via%20Google%20ou%20WhatsApp%20actuellement%20%3F%0A%0AJ%E2%80%99ai%20remarqu%C3%A9%20que%20votre%20pr%C3%A9sence%20en%20ligne%20%28site%20web%29%20n%E2%80%99est%20pas%20optimis%C3%A9e%2C%20et%20cela%20peut%20vous%20faire%20perdre%20des%20clients%20chaque%20jour.%0A%0AJ%E2%80%99aide%20des%20agences%20comme%20la%20v%C3%B4tre%20%C3%A0%20obtenir%20plus%20de%20r%C3%A9servations%20gr%C3%A2ce%20%C3%A0%20un%20syst%C3%A8me%20simple%20%28site%20web%20%2B%20WhatsApp%20%2B%20visibilit%C3%A9%20Google%29.%0A%0AJe%20peux%20vous%20montrer%20exactement%20ce%20qui%20vous%20manque%20%E2%80%94%20gratuitement.%0A%0A%C3%87a%20vous%20int%C3%A9resse%20%3F%22,Has Website,33.0,https://dr-bensahel-jeanjacques.chirurgiens-dentistes.fr/,"
4 Bis Rue Alphonse Karr, 06000 Nice, France",,,,,"https://www.google.com/maps/place/Cabinet+Dentaire+des+Dr.+Bensahel/@43.6676111,7.1422551,13z/data=!3m1!5s0x12cddaa0b4b15af5:0x7c0837f55cfde14a!4m10!1m2!2m1!1sdentiste+nice!3m6!1s0x12cddaa0b4b060db:0xce8ccbace1320640!8m2!3d43.6985492!4d7.2663672!15sCg1kZW50aXN0ZSBuaWNlWg8iDWRlbnRpc3RlIG5pY2WSAQdkZW50aXN0mgEjQ2haRFNVaE5NRzluUzBWUWFUbDJjM0ZoZGsxbFRFWm5FQUXgAQD6AQUIqwYQSQ!16s%2Fg%2F1v3g6gh7?entry=ttu&g_ep=EgoyMDI2MDQxMy4wIKXMDSoASAFQAw%3D%3D"
Centre Dentaire Marray (Dr. Jaouad MARRAY),808630714.0,marrakech,"Bonjour 👋 Merzouga ToursJe suis tombé sur votre agence en ligne.

Petite question — est-ce que vous recevez suffisamment de clients via Google ou WhatsApp actuellement ?

J’ai remarqué que votre présence en ligne (site web) n’est pas optimisée, et cela peut vous faire perdre des clients chaque jour.

J’aide des agences comme la vôtre à obtenir plus de réservations grâce à un système simple (site web + WhatsApp + visibilité Google).

Je peux vous montrer exactement ce qui vous manque — gratuitement.

Ça vous intéresse ?",https://wa.me/212808630714?text=Bonjour%20%F0%9F%91%8B%20Merzouga%20ToursJe%20suis%20tomb%C3%A9%20sur%20votre%20agence%20en%20ligne.%0A%0APetite%20question%20%E2%80%94%20est-ce%20que%20vous%20recevez%20suffisamment%20de%20clients%20via%20Google%20ou%20WhatsApp%20actuellement%20%3F%0A%0AJ%E2%80%99ai%20remarqu%C3%A9%20que%20votre%20pr%C3%A9sence%20en%20ligne%20%28site%20web%29%20n%E2%80%99est%20pas%20optimis%C3%A9e%2C%20et%20cela%20peut%20vous%20faire%20perdre%20des%20clients%20chaque%20jour.%0A%0AJ%E2%80%99aide%20des%20agences%20comme%20la%20v%C3%B4tre%20%C3%A0%20obtenir%20plus%20de%20r%C3%A9servations%20gr%C3%A2ce%20%C3%A0%20un%20syst%C3%A8me%20simple%20%28site%20web%20%2B%20WhatsApp%20%2B%20visibilit%C3%A9%20Google%29.%0A%0AJe%20peux%20vous%20montrer%20exactement%20ce%20qui%20vous%20manque%20%E2%80%94%20gratuitement.%0A%0A%C3%87a%20vous%20int%C3%A9resse%20%3F,Has Website,212.0,https://centredentairemarray.com/,"
Rue Er Rif, Marrakesh 40150",,,,,"https://www.google.com/maps/place/Centre+Dentaire+Marray+(Dr.+Jaouad+MARRAY)/@31.6210042,-8.0993055,13z/data=!4m10!1m2!2m1!1sdentiste+marrakech!3m6!1s0xdafefc294187489:0x86ef0a361f8ca402!8m2!3d31.6231623!4d-8.0303274!15sChJkZW50aXN0ZSBtYXJyYWtlY2haFCISZGVudGlzdGUgbWFycmFrZWNokgEHZGVudGlzdJoBRENpOURRVWxSUVVOdlpFTm9kSGxqUmpsdlQyeENkRk5xVG5CWmFteE1WMGRTY2xWSE5IaGpRekYxWkRFNVUySXdSUkFC4AEA-gEECAAQMQ!16s%2Fg%2F11sjvwydxh?entry=ttu&g_ep=EgoyMDI2MDQxMy4wIKXMDSoASAFQAw%3D%3D"
Centre dentaire Okhsane (Dr BAJJOUK) AGADIR,708278048,agadir,"=""Bonjour 👋 ""&A15&"" ""&""Je suis tombé sur votre cabinet dentaire en ligne.

Petite question — est-ce que vous recevez suffisamment de patients via Google ou WhatsApp actuellement ?

J’ai remarqué que votre présence en ligne (site web) n’est pas optimisée, et cela peut vous faire perdre des clients chaque jour.

J’aide des dentistes comme vous à obtenir plus de patients grâce à un système simple (site web + WhatsApp + visibilité Google).

Je peux vous montrer exactement ce qui vous manque — gratuitement.

Ça vous intéresse ?""",https://wa.me/212708278048?text=%3D%22Bonjour%20%F0%9F%91%8B%20%22%26A15%26%22%20%22%26%22Je%20suis%20tomb%C3%A9%20sur%20votre%20cabinet%20dentaire%20en%20ligne.%0A%0APetite%20question%20%E2%80%94%20est-ce%20que%20vous%20recevez%20suffisamment%20de%20patients%20via%20Google%20ou%20WhatsApp%20actuellement%20%3F%0A%0AJ%E2%80%99ai%20remarqu%C3%A9%20que%20votre%20pr%C3%A9sence%20en%20ligne%20%28site%20web%29%20n%E2%80%99est%20pas%20optimis%C3%A9e%2C%20et%20cela%20peut%20vous%20faire%20perdre%20des%20clients%20chaque%20jour.%0A%0AJ%E2%80%99aide%20des%20dentistes%20comme%20vous%20%C3%A0%20obtenir%20plus%20de%20patients%20gr%C3%A2ce%20%C3%A0%20un%20syst%C3%A8me%20simple%20%28site%20web%20%2B%20WhatsApp%20%2B%20visibilit%C3%A9%20Google%29.%0A%0AJe%20peux%20vous%20montrer%20exactement%20ce%20qui%20vous%20manque%20%E2%80%94%20gratuitement.%0A%0A%C3%87a%20vous%20int%C3%A9resse%20%3F%22,Has Website,212,http://www.centredentaireokhsane.com/,"
Av. Farhat Hachad, Agadir 80000",https://www.instagram.com/centre_dentaire_hm/,,,,"https://www.google.com/maps/place/Centre+dentaire+Okhsane+(Dr+BAJJOUK)+AGADIR/@30.4169104,-9.6145717,13z/data=!4m10!1m2!2m1!1sdentiste+agadir!3m6!1s0xdb3b73702b8ea9d:0xf9a9402c24545152!8m2!3d30.4136975!4d-9.5560315!15sCg9kZW50aXN0ZSBhZ2FkaXJaESIPZGVudGlzdGUgYWdhZGlykgEHZGVudGlzdJoBI0NoWkRTVWhOTUc5blMwVktjVGxwY0ZOUWRXOUhka1YzRUFF4AEA-gEECAAQKQ!16s%2Fg%2F11tp6m5tpc?entry=ttu&g_ep=EgoyMDI2MDQxMy4wIKXMDSoASAFQAw%3D%3D"
